USE EMR_System;

INSERT INTO Insurance (provider_name, policy_number, provider_contact) VALUES
('United Health', 'UH123001', '800-555-0001'),
('Blue Cross', 'BC123002', '800-555-0002'),
('Aetna', 'AE123003', '800-555-0003'),
('Cigna', 'CG123004', '800-555-0004'),
('Max Bupa', 'MB123005', '800-555-0005');


INSERT INTO Patient (first_name, last_name, date_of_birth, gender, phone_number, email_address, street_address, city, state, postal_code, insurance_id) VALUES
('Sravya','Reddy','1990-01-05','Female','9001001001','sravya.reddy@example.com','1 MG Road','Hyderabad','TS','500001',1),
('Harika','Kumar','1989-02-12','Female','9001001002','harika.kumar@example.com','2 Street','Hyderabad','TS','500002',2),
('Keerthi','Chowdary','1991-03-20','Female','9001001003','keerthi.chowdary@example.com','3 Street','Hyderabad','TS','500003',3),
('Sowmya','Rao','1992-04-25','Female','9001001004','sowmya.rao@example.com','4 Street','Hyderabad','TS','500004',4),
('Anjali','Naidu','1993-05-30','Female','9001001005','anjali.naidu@example.com','5 Street','Hyderabad','TS','500005',5),
('Divya','Reddy','1990-06-15','Female','9001001006','divya.reddy@example.com','6 Street','Hyderabad','TS','500001',1),
('Latha','Kumar','1988-07-22','Female','9001001007','latha.kumar@example.com','7 Street','Hyderabad','TS','500002',2),
('Niharika','Chowdary','1994-08-18','Female','9001001008','niharika.chowdary@example.com','8 Street','Hyderabad','TS','500003',3),
('Padma','Rao','1991-09-10','Female','9001001009','padma.rao@example.com','9 Street','Hyderabad','TS','500004',4),
('Swapna','Naidu','1992-10-05','Female','9001001010','swapna.naidu@example.com','10 Street','Hyderabad','TS','500005',5),
('Bhavya','Reddy','1990-11-12','Female','9001001011','bhavya.reddy@example.com','11 Street','Hyderabad','TS','500001',1),
('Manasa','Kumar','1989-12-20','Female','9001001012','manasa.kumar@example.com','12 Street','Hyderabad','TS','500002',2),
('Vasudha','Chowdary','1991-01-15','Female','9001001013','vasudha.chowdary@example.com','13 Street','Hyderabad','TS','500003',3),
('Shruti','Rao','1992-02-10','Female','9001001014','shruti.rao@example.com','14 Street','Hyderabad','TS','500004',4),
('Kavya','Naidu','1993-03-05','Female','9001001015','kavya.naidu@example.com','15 Street','Hyderabad','TS','500005',5),
('Deepika','Reddy','1990-04-22','Female','9001001016','deepika.reddy@example.com','16 Street','Hyderabad','TS','500001',1),
('Meghana','Kumar','1988-05-28','Female','9001001017','meghana.kumar@example.com','17 Street','Hyderabad','TS','500002',2),
('Aishwarya','Chowdary','1994-06-12','Female','9001001018','aishwarya.chowdary@example.com','18 Street','Hyderabad','TS','500003',3),
('Pranathi','Rao','1991-07-07','Female','9001001019','pranathi.rao@example.com','19 Street','Hyderabad','TS','500004',4),
('Sadhana','Naidu','1992-08-25','Female','9001001020','sadhana.naidu@example.com','20 Street','Hyderabad','TS','500005',5),
('Trisha','Reddy','1990-09-18','Female','9001001021','trisha.reddy@example.com','21 Street','Hyderabad','TS','500001',1),
('Yamuna','Kumar','1989-10-22','Female','9001001022','yamuna.kumar@example.com','22 Street','Hyderabad','TS','500002',2),
('Ananya','Chowdary','1991-11-16','Female','9001001023','ananya.chowdary@example.com','23 Street','Hyderabad','TS','500003',3),
('Rithika','Rao','1992-12-12','Female','9001001024','rithika.rao@example.com','24 Street','Hyderabad','TS','500004',4),
('Nandini','Naidu','1993-01-30','Female','9001001025','nandini.naidu@example.com','25 Street','Hyderabad','TS','500005',5),
('Suhasini','Reddy','1990-02-18','Female','9001001026','suhasini.reddy@example.com','26 Street','Hyderabad','TS','500001',1),
('Harini','Kumar','1988-03-12','Female','9001001027','harini.kumar@example.com','27 Street','Hyderabad','TS','500002',2),
('Mounika','Chowdary','1994-04-22','Female','9001001028','mounika.chowdary@example.com','28 Street','Hyderabad','TS','500003',3),
('Chaitra','Rao','1991-05-18','Female','9001001029','chaitra.rao@example.com','29 Street','Hyderabad','TS','500004',4),
('Bhavana','Naidu','1992-06-15','Female','9001001030','bhavana.naidu@example.com','30 Street','Hyderabad','TS','500005',5);


INSERT INTO Doctor (first_name, last_name, specialty, contact_number, email_address) VALUES
('Ramesh','Patel','Internal Medicine','8001110001','ramesh.patel@clinic.com'),
('Suresh','Sharma','Pediatrics','8001110002','suresh.sharma@clinic.com'),
('Anil','Reddy','Dermatology','8001110003','anil.reddy@clinic.com'),
('Vikram','Kumar','Cardiology','8001110004','vikram.kumar@clinic.com'),
('Rohit','Naidu','General Surgery','8001110005','rohit.naidu@clinic.com');

INSERT INTO Room (room_number, room_type, availability) VALUES
('R101','Consultation',TRUE),
('R102','Consultation',TRUE),
('R103','Examination',TRUE),
('R104','Procedure',TRUE),
('R105','Consultation',TRUE);

INSERT INTO Allergy (patient_id, allergen, reaction, severity, date_recorded) VALUES
(1,'Dust','Sneezing','Mild','2025-01-01'),
(2,'Pollen','Itchy eyes','Moderate','2025-01-03'),
(3,'Shellfish','Rash','Severe','2025-01-05'),
(4,'Latex','Skin irritation','Moderate','2025-01-06'),
(5,'Peanuts','Anaphylaxis','Severe','2025-01-07'),
(6,'Dust','Cough','Mild','2025-01-08'),
(7,'Pollen','Runny nose','Moderate','2025-01-09'),
(8,'Shellfish','Swelling','Severe','2025-01-10'),
(9,'Latex','Rash','Moderate','2025-01-11'),
(10,'Peanuts','Hives','Severe','2025-01-12'),
(11,'Dust','Sneezing','Mild','2025-01-13'),
(12,'Pollen','Itchy eyes','Moderate','2025-01-14'),
(13,'Shellfish','Rash','Severe','2025-01-15'),
(14,'Latex','Skin irritation','Moderate','2025-01-16'),
(15,'Peanuts','Anaphylaxis','Severe','2025-01-17'),
(16,'Dust','Cough','Mild','2025-01-18'),
(17,'Pollen','Runny nose','Moderate','2025-01-19'),
(18,'Shellfish','Swelling','Severe','2025-01-20'),
(19,'Latex','Rash','Moderate','2025-01-21'),
(20,'Peanuts','Hives','Severe','2025-01-22'),
(21,'Dust','Sneezing','Mild','2025-01-23'),
(22,'Pollen','Itchy eyes','Moderate','2025-01-24'),
(23,'Shellfish','Rash','Severe','2025-01-25'),
(24,'Latex','Skin irritation','Moderate','2025-01-26'),
(25,'Peanuts','Anaphylaxis','Severe','2025-01-27'),
(26,'Dust','Cough','Mild','2025-01-28'),
(27,'Pollen','Runny nose','Moderate','2025-01-29'),
(28,'Shellfish','Swelling','Severe','2025-01-30'),
(29,'Latex','Rash','Moderate','2025-01-31'),
(30,'Peanuts','Hives','Severe','2025-02-01');

INSERT INTO Appointment (patient_id, doctor_id, room_id, appointment_date, reason_for_visit, status, follow_up_required, follow_up_date) VALUES
(1,1,1,'2025-03-01 09:00:00','General Checkup','Completed',TRUE,'2025-04-01'),
(2,2,2,'2025-03-02 10:00:00','Flu Symptoms','Completed',FALSE,NULL),
(3,3,3,'2025-03-03 11:00:00','Skin Rash','Completed',TRUE,'2025-03-20'),
(4,4,4,'2025-03-04 09:30:00','Heart Checkup','Completed',TRUE,'2025-04-05'),
(5,5,5,'2025-03-05 14:00:00','Allergic Reaction','Completed',FALSE,NULL),
(6,1,2,'2025-03-06 15:00:00','Routine Blood Test','Completed',FALSE,NULL),
(7,2,3,'2025-03-07 08:30:00','Cold and Cough','Completed',TRUE,'2025-03-21'),
(8,3,4,'2025-03-08 10:45:00','Skin Infection','Completed',TRUE,'2025-03-28'),
(9,4,5,'2025-03-09 11:15:00','Chest Pain','Completed',TRUE,'2025-04-09'),
(10,5,1,'2025-03-10 09:45:00','Food Allergy','Completed',FALSE,NULL),
(11,1,2,'2025-03-11 13:00:00','General Checkup','Completed',TRUE,'2025-04-11'),
(12,2,3,'2025-03-12 14:15:00','Flu Symptoms','Completed',FALSE,NULL),
(13,3,4,'2025-03-13 08:00:00','Skin Rash','Completed',TRUE,'2025-03-30'),
(14,4,5,'2025-03-14 09:30:00','Heart Checkup','Completed',TRUE,'2025-04-14'),
(15,5,1,'2025-03-15 10:00:00','Allergic Reaction','Completed',FALSE,NULL),
(16,1,2,'2025-03-16 11:00:00','Routine Blood Test','Completed',FALSE,NULL),
(17,2,3,'2025-03-17 12:00:00','Cold and Cough','Completed',TRUE,'2025-03-31'),
(18,3,4,'2025-03-18 13:30:00','Skin Infection','Completed',TRUE,'2025-04-07'),
(19,4,5,'2025-03-19 14:00:00','Chest Pain','Completed',TRUE,'2025-04-19'),
(20,5,1,'2025-03-20 09:00:00','Food Allergy','Completed',FALSE,NULL),
(21,1,2,'2025-03-21 10:15:00','General Checkup','Completed',TRUE,'2025-04-21'),
(22,2,3,'2025-03-22 11:45:00','Flu Symptoms','Completed',FALSE,NULL),
(23,3,4,'2025-03-23 08:30:00','Skin Rash','Completed',TRUE,'2025-04-05'),
(24,4,5,'2025-03-24 09:00:00','Heart Checkup','Completed',TRUE,'2025-04-24'),
(25,5,1,'2025-03-25 10:00:00','Allergic Reaction','Completed',FALSE,NULL),
(26,1,2,'2025-03-26 11:30:00','Routine Blood Test','Completed',FALSE,NULL),
(27,2,3,'2025-03-27 12:15:00','Cold and Cough','Completed',TRUE,'2025-04-10'),
(28,3,4,'2025-03-28 13:45:00','Skin Infection','Completed',TRUE,'2025-04-15'),
(29,4,5,'2025-03-29 14:00:00','Chest Pain','Completed',TRUE,'2025-04-29'),
(30,5,1,'2025-03-30 09:30:00','Food Allergy','Completed',FALSE,NULL);

INSERT INTO Diagnosis (patient_id, doctor_id, diagnosis_code, description, diagnosis_date) VALUES
(1,1,'Z00.00','General medical examination','2025-03-01'),
(2,2,'J10','Influenza due to identified influenza virus','2025-03-02'),
(3,3,'L23','Allergic contact dermatitis','2025-03-03'),
(4,4,'I20','Angina pectoris','2025-03-04'),
(5,5,'T78.0','Food allergy, unspecified','2025-03-05'),
(6,1,'Z01.89','Routine blood test','2025-03-06'),
(7,2,'J06.9','Acute upper respiratory infection','2025-03-07'),
(8,3,'L30.9','Dermatitis, unspecified','2025-03-08'),
(9,4,'I25.10','Atherosclerotic heart disease','2025-03-09'),
(10,5,'T78.1','Food allergy, peanut','2025-03-10'),
(11,1,'Z00.00','General medical examination','2025-03-11'),
(12,2,'J10','Influenza','2025-03-12'),
(13,3,'L23','Allergic contact dermatitis','2025-03-13'),
(14,4,'I20','Angina pectoris','2025-03-14'),
(15,5,'T78.0','Food allergy, unspecified','2025-03-15'),
(16,1,'Z01.89','Routine blood test','2025-03-16'),
(17,2,'J06.9','Acute upper respiratory infection','2025-03-17'),
(18,3,'L30.9','Dermatitis, unspecified','2025-03-18'),
(19,4,'I25.10','Atherosclerotic heart disease','2025-03-19'),
(20,5,'T78.1','Food allergy, peanut','2025-03-20'),
(21,1,'Z00.00','General medical examination','2025-03-21'),
(22,2,'J10','Influenza','2025-03-22'),
(23,3,'L23','Allergic contact dermatitis','2025-03-23'),
(24,4,'I20','Angina pectoris','2025-03-24'),
(25,5,'T78.0','Food allergy, unspecified','2025-03-25'),
(26,1,'Z01.89','Routine blood test','2025-03-26'),
(27,2,'J06.9','Acute upper respiratory infection','2025-03-27'),
(28,3,'L30.9','Dermatitis, unspecified','2025-03-28'),
(29,4,'I25.10','Atherosclerotic heart disease','2025-03-29'),
(30,5,'T78.1','Food allergy, peanut','2025-03-30');

INSERT INTO Medication (medication_name, dosage_form, strength) VALUES
('Paracetamol','Tablet','500mg'),
('Amoxicillin','Capsule','500mg'),
('Cetirizine','Tablet','10mg'),
('Ibuprofen','Tablet','400mg'),
('Azithromycin','Tablet','250mg'),
('Metformin','Tablet','500mg'),
('Omeprazole','Capsule','20mg'),
('Salbutamol','Inhaler','100mcg'),
('Losartan','Tablet','50mg'),
('Amlodipine','Tablet','5mg'),
('Prednisone','Tablet','10mg'),
('Ranitidine','Tablet','150mg'),
('Hydrocortisone','Cream','1%'),
('Loratadine','Tablet','10mg'),
('Cefixime','Tablet','200mg');

INSERT INTO Prescription (patient_id, doctor_id, medication_id, appointment_id, dosage_instructions, start_date, end_date, refill_count) VALUES
(1,1,1,1,'Take 1 tablet twice daily','2025-03-01','2025-03-07',0),
(2,2,2,2,'Take 1 capsule every 8 hours','2025-03-02','2025-03-09',0),
(3,3,3,3,'Take 1 tablet at night','2025-03-03','2025-03-10',1),
(4,4,4,4,'Take 1 tablet every 6 hours as needed','2025-03-04','2025-03-11',0),
(5,5,5,5,'Take 1 tablet daily for 5 days','2025-03-05','2025-03-09',0),
(6,1,6,6,'Take 1 tablet before meals','2025-03-06','2025-03-20',2),
(7,2,7,7,'Take 1 capsule daily','2025-03-07','2025-03-21',1),
(8,3,8,8,'Use inhaler 2 puffs every 6 hours','2025-03-08','2025-03-15',0),
(9,4,9,9,'Take 1 tablet daily','2025-03-09','2025-03-23',0),
(10,5,10,10,'Take 1 tablet before breakfast','2025-03-10','2025-03-17',0),
(11,1,11,11,'Apply cream twice daily','2025-03-11','2025-03-18',0),
(12,2,12,12,'Take 1 tablet after meals','2025-03-12','2025-03-19',0),
(13,3,13,13,'Apply cream once daily','2025-03-13','2025-03-20',0),
(14,4,14,14,'Take 1 tablet at night','2025-03-14','2025-03-21',0),
(15,5,15,15,'Take 1 tablet twice daily','2025-03-15','2025-03-22',0),
(16,1,1,16,'Take 1 tablet twice daily','2025-03-16','2025-03-23',0),
(17,2,2,17,'Take 1 capsule every 8 hours','2025-03-17','2025-03-24',0),
(18,3,3,18,'Take 1 tablet at night','2025-03-18','2025-03-25',1),
(19,4,4,19,'Take 1 tablet every 6 hours as needed','2025-03-19','2025-03-26',0),
(20,5,5,20,'Take 1 tablet daily for 5 days','2025-03-20','2025-03-24',0),
(21,1,6,21,'Take 1 tablet before meals','2025-03-21','2025-04-04',2),
(22,2,7,22,'Take 1 capsule daily','2025-03-22','2025-04-05',1),
(23,3,8,23,'Use inhaler 2 puffs every 6 hours','2025-03-23','2025-03-30',0),
(24,4,9,24,'Take 1 tablet daily','2025-03-24','2025-04-07',0),
(25,5,10,25,'Take 1 tablet before breakfast','2025-03-25','2025-04-01',0),
(26,1,11,26,'Apply cream twice daily','2025-03-26','2025-04-02',0),
(27,2,12,27,'Take 1 tablet after meals','2025-03-27','2025-04-03',0),
(28,3,13,28,'Apply cream once daily','2025-03-28','2025-04-04',0),
(29,4,14,29,'Take 1 tablet at night','2025-03-29','2025-04-05',0),
(30,5,15,30,'Take 1 tablet twice daily','2025-03-30','2025-04-06',0);

INSERT INTO LabTest (patient_id, test_name, details, test_cost, test_date, test_result_value, result_unit, reference_range, remarks) VALUES
(1,'Blood Glucose','Fasting','50.00','2025-03-01','95','mg/dL','70-110','Normal'),
(2,'CBC','Complete Blood Count','60.00','2025-03-02','Normal','N/A','Normal','Normal'),
(3,'Lipid Profile','Cholesterol Test','80.00','2025-03-03','200','mg/dL','125-200','Borderline'),
(4,'ECG','Heart Test','100.00','2025-03-04','Normal','N/A','Normal','Normal'),
(5,'Allergy Test','Peanut','70.00','2025-03-05','Positive','N/A','Negative','Needs attention'),
(6,'Blood Glucose','Fasting','50.00','2025-03-06','110','mg/dL','70-110','Slightly High'),
(7,'CBC','Complete Blood Count','60.00','2025-03-07','Normal','N/A','Normal','Normal'),
(8,'Lipid Profile','Cholesterol Test','80.00','2025-03-08','220','mg/dL','125-200','High'),
(9,'ECG','Heart Test','100.00','2025-03-09','Normal','N/A','Normal','Normal'),
(10,'Allergy Test','Shellfish','70.00','2025-03-10','Negative','N/A','Negative','Normal'),
(11,'Blood Glucose','Fasting','50.00','2025-03-11','100','mg/dL','70-110','Normal'),
(12,'CBC','Complete Blood Count','60.00','2025-03-12','Normal','N/A','Normal','Normal'),
(13,'Lipid Profile','Cholesterol Test','80.00','2025-03-13','190','mg/dL','125-200','Borderline'),
(14,'ECG','Heart Test','100.00','2025-03-14','Normal','N/A','Normal','Normal'),
(15,'Allergy Test','Latex','70.00','2025-03-15','Positive','N/A','Negative','Needs attention'),
(16,'Blood Glucose','Fasting','50.00','2025-03-16','105','mg/dL','70-110','Normal'),
(17,'CBC','Complete Blood Count','60.00','2025-03-17','Normal','N/A','Normal','Normal'),
(18,'Lipid Profile','Cholesterol Test','80.00','2025-03-18','210','mg/dL','125-200','High'),
(19,'ECG','Heart Test','100.00','2025-03-19','Normal','N/A','Normal','Normal'),
(20,'Allergy Test','Peanuts','70.00','2025-03-20','Positive','N/A','Negative','Needs attention'),
(21,'Blood Glucose','Fasting','50.00','2025-03-21','95','mg/dL','70-110','Normal'),
(22,'CBC','Complete Blood Count','60.00','2025-03-22','Normal','N/A','Normal','Normal'),
(23,'Lipid Profile','Cholesterol Test','80.00','2025-03-23','200','mg/dL','125-200','Borderline'),
(24,'ECG','Heart Test','100.00','2025-03-24','Normal','N/A','Normal','Normal'),
(25,'Allergy Test','Dust','70.00','2025-03-25','Positive','N/A','Negative','Needs attention'),
(26,'Blood Glucose','Fasting','50.00','2025-03-26','102','mg/dL','70-110','Normal'),
(27,'CBC','Complete Blood Count','60.00','2025-03-27','Normal','N/A','Normal','Normal'),
(28,'Lipid Profile','Cholesterol Test','80.00','2025-03-28','215','mg/dL','125-200','High'),
(29,'ECG','Heart Test','100.00','2025-03-29','Normal','N/A','Normal','Normal'),
(30,'Allergy Test','Pollen','70.00','2025-03-30','Positive','N/A','Negative','Needs attention');

INSERT INTO Billing (patient_id, appointment_id, total_amount, amount_paid, billing_status, billing_date) VALUES
(1,1,150.00,150.00,'Paid','2025-03-02'),
(2,2,160.00,160.00,'Paid','2025-03-03'),
(3,3,170.00,170.00,'Paid','2025-03-04'),
(4,4,200.00,200.00,'Paid','2025-03-05'),
(5,5,180.00,180.00,'Paid','2025-03-06'),
(6,6,140.00,140.00,'Paid','2025-03-07'),
(7,7,155.00,155.00,'Paid','2025-03-08'),
(8,8,165.00,165.00,'Paid','2025-03-09'),
(9,9,210.00,210.00,'Paid','2025-03-10'),
(10,10,175.00,175.00,'Paid','2025-03-11'),
(11,11,150.00,150.00,'Paid','2025-03-12'),
(12,12,160.00,160.00,'Paid','2025-03-13'),
(13,13,170.00,170.00,'Paid','2025-03-14'),
(14,14,200.00,200.00,'Paid','2025-03-15'),
(15,15,180.00,180.00,'Paid','2025-03-16'),
(16,16,140.00,140.00,'Paid','2025-03-17'),
(17,17,155.00,155.00,'Paid','2025-03-18'),
(18,18,165.00,165.00,'Paid','2025-03-19'),
(19,19,210.00,210.00,'Paid','2025-03-20'),
(20,20,175.00,175.00,'Paid','2025-03-21'),
(21,21,150.00,150.00,'Paid','2025-03-22'),
(22,22,160.00,160.00,'Paid','2025-03-23'),
(23,23,170.00,170.00,'Paid','2025-03-24'),
(24,24,200.00,200.00,'Paid','2025-03-25'),
(25,25,180.00,180.00,'Paid','2025-03-26'),
(26,26,140.00,140.00,'Paid','2025-03-27'),
(27,27,155.00,155.00,'Paid','2025-03-28'),
(28,28,165.00,165.00,'Paid','2025-03-29'),
(29,29,210.00,210.00,'Paid','2025-03-30'),
(30,30,175.00,175.00,'Paid','2025-03-31');
